1.87,0.48,0.0010075145620859,2.76538611531095e-27,0.0135324448601883,0.0270628060483738,0.040589138537579,0.0541093009135375,0.067621042828983,0.0811231103675897,0.0946127495412756,0.108088262383689,0.121548271237357,0.134990036589923,0.148412646257313,0.161814096803336,0.17519184795528,0.188546478134294,0.201873176202467,0.215174250040899,0.228445640070474,0.24168643480102,0.254897450693671,0.268074289478419,0.281218744802218,0.294329506964915,0.307403504685479,0.320442953195094,0.333446247941491,0.346411346659218,0.359340124487273,0.372231545260962,0.385084333993617,0.397899751227347,0.410677638935795,0.423417518930244,0.436119846589785,0.448785296607266,0.461414399322826,0.474006826547407,0.486563693697033,0.499086675648266,0.511575178175682,0.524030011452753,0.536453896287798,0.548846957871683,0.561208819691968,0.573543092455962,0.585851159314607,0.598131322772742,0.61038770273038,0.622622956016208,0.634834514334787,0.647026589387414,0.659202795153424,0.671360244835866,0.683503064506135,0.695635329466297,0.707754191632668,0.719863861569116,0.731968225781994,0.744064746236817,0.756158066687052,0.768250952258372,0.780341875875955,0.792436007939429,0.804533671545953,0.816636029716147,0.828747195019327,0.840866301563417,0.852997029963675,0.865140198747157,0.877297591880205,0.889471305809325,0.901662326222268,0.913872752885323,0.926103647331639,0.938356850176057,0.950633347435011,0.962934685007502,0.97526219187213,0.987616869162347,0.999999999781948,-0.347237759731739,-0.347153557015343,-0.346903872277277,-0.346486329767105,-0.345903909709188,-0.345158362367054,-0.34424199390228,-0.343165837995649,-0.341925840357068,-0.34052152130596,-0.338958825768378,-0.337234744542373,-0.335351278610394,-0.333316451849406,-0.331118428848942,-0.328778315200341,-0.326276872160652,-0.323631304880502,-0.320841555627339,-0.317899096282819,-0.314824944562281,-0.311604902310722,-0.308244966642263,-0.304761216949742,-0.301137032861135,-0.297383657889121,-0.293514261557851,-0.289512951024329,-0.285391944288708,-0.281163854289491,-0.276813875364675,-0.272353130705898,-0.267795061943775,-0.263126391921488,-0.258355735921118,-0.253497561085933,-0.248541477693393,-0.24349230529748,-0.238364858805085,-0.23315360157277,-0.227858444327809,-0.22249366467509,-0.217059943414791,-0.211552052685278,-0.205983540728662,-0.200359710455608,-0.194672702864557,-0.188934632854506,-0.183153517651011,-0.177321108722844,-0.171447801685918,-0.165542808257279,-0.159598648238124,-0.153624399470273,-0.147629311098626,-0.14160693152386,-0.135565950905934,-0.129514559150177,-0.123447435346582,-0.117373895617443,-0.111299531669661,-0.105221255712787,-0.0991493926614044,-0.0930845200587833,-0.0870290435545469,-0.0809912755057832,-0.0749693079545419,-0.0689709959113829,-0.0629977145357895,-0.0570535503490558,-0.0511428696971389,-0.0452679352577424,-0.0394334863636993,-0.0336421156119293,-0.0278979150263271,-0.02220390717669,-0.0165636439218199,-0.0109807789820635,-0.00545834872584029,0
1.89,0.49,0.0164207171642167,-5.4145652684805e-26,0.0135650503229804,0.0271279495890174,0.0406866898518364,0.0542390603775652,0.0677827378117302,0.081316427569234,0.0948372861604241,0.108343559866977,0.12183382661688,0.135305256004277,0.148756906931872,0.162186708415565,0.175592036287335,0.188973488366714,0.202326089389335,0.215652228874797,0.228947703812977,0.242211573682589,0.255444683235306,0.268642472965053,0.281806807578447,0.29493632410405,0.30802783225003,0.321083639323349,0.334102068591869,0.347080990865811,0.360022367598076,0.372925102981866,0.385787855848133,0.398611958029128,0.411397218296697,0.424143111031881,0.43685013984688,0.449518976256698,0.462150128136389,0.474743287269973,0.48729958956026,0.49982071947973,0.512306081844014,0.524756512990647,0.537174776756705,0.549561000802154,0.561914813812751,0.574239900798201,0.586537672711577,0.598806402300997,0.611050307182132,0.623272105702788,0.635469169520982,0.647645820308748,0.659805764236253,0.671946036655312,0.684070879558665,0.696184480148295,0.708283905071454,0.720373490726552,0.732457236621113,0.744532521580745,0.756604136684792,0.768674929379592,0.780743317198483,0.792814645428518,0.80488923632199,0.816968292154974,0.829056071289431,0.841151661004111,0.85325888649211,0.86537857958155,0.877512597327505,0.889663110416206,0.901831139741094,0.914018868480049,0.926227400994562,0.938458643590212,0.950713639854973,0.962993989771676,0.975301083196002,0.98763597320647,0.999999999786846,-0.353726130197324,-0.353640473873781,-0.353386478811376,-0.352961728333636,-0.352369254252301,-0.351610837223563,-0.35067865080312,-0.349583919373647,-0.348322518834272,-0.346893961493214,-0.345304294876398,-0.343550458085016,-0.341634486346371,-0.339564541902079,-0.337328584815753,-0.33494808359638,-0.332403467840856,-0.329712236910169,-0.32687433137455,-0.323881074586686,-0.320753841923462,-0.317478190960981,-0.314060217169495,-0.310516270602545,-0.306829445623191,-0.303011170518629,-0.299074832958675,-0.295004268095779,-0.290811891310945,-0.286510520451247,-0.282085097805492,-0.277546921207384,-0.272909646018954,-0.268159770822201,-0.263306039784066,-0.258363144435747,-0.253320520476153,-0.248183051362686,-0.24296577501177,-0.237663059228583,-0.232274799293715,-0.226815480248675,-0.221285783387532,-0.215680387139069,-0.210013029057758,-0.204289079656966,-0.198500549875753,-0.192659716341082,-0.186774699703477,-0.180837119464624,-0.174857503211382,-0.168845178911233,-0.162792548523646,-0.156708800026181,-0.150603295857108,-0.144469483004423,-0.138316154603833,-0.132151597302516,-0.125970405273527,-0.11978200561949,-0.113592051130635,-0.107397399503078,-0.101208501524257,-0.0950259278354606,-0.0888521049933705,-0.0826954463946639,-0.0765540020782799,-0.0704357288922912,-0.0643420023728222,-0.0582769608942441,-0.052245018036182,-0.046248459827071,-0.0402920832815825,-0.0343785133346106,-0.028511882597023,-0.0226952683830584,-0.0169322565561723,-0.0112265501522748,-0.00558123350059375,0
1.89,0.5,0.00819363266010204,-3.23830284943951e-26,0.0136009848158824,0.0271997229314068,0.040794117166914,0.0543818586318271,0.0679605209698536,0.0815287524840947,0.0950835839527438,0.108623184745338,0.122146070631204,0.135649287321535,0.149131853456639,0.162591608750237,0.176025815115382,0.1894350997824,0.20281427128602,0.216165827582151,0.229485385541015,0.24277196704875,0.256026459047599,0.269244108619721,0.282426866077531,0.295573316379083,0.308680137881657,0.321749742543003,0.334780390572697,0.347769869739972,0.360720230236423,0.37363034095612,0.386498814238778,0.399327041808908,0.412114838053582,0.424861668968507,0.437568060462296,0.45023472710393,0.462862215889428,0.475450205181356,0.48799989172831,0.500513051799008,0.512989066443446,0.525428814979489,0.537835199679147,0.550208360315979,0.562547910182377,0.574857710953208,0.587139244681557,0.599390706736967,0.6116165107627,0.62381950351779,0.635996940549476,0.648153339083868,0.660292574387064,0.672411553764529,0.684514706138581,0.696606404583301,0.708683592594408,0.720750792356078,0.732812176734851,0.744865018373164,0.756914307265456,0.768963012998456,0.781009492532966,0.793059304942093,0.805112794193001,0.817171210560719,0.829238977671252,0.841315160007144,0.853403720187884,0.86550553526315,0.877622526896261,0.889756950935914,0.901909868659799,0.914083542029314,0.926279115620415,0.938498571321935,0.950742976919634,0.963013997674909,0.975313068927374,0.987641274327968,0.999999999787919,-0.360942186973022,-0.360854530993935,-0.360594607290462,-0.360159945446905,-0.359553652499993,-0.358777556865704,-0.357823657328737,-0.356703449774053,-0.355412725001538,-0.353950996694368,-0.352324467432856,-0.350530020692125,-0.348569755708036,-0.346452042951623,-0.344164581485801,-0.341729358458117,-0.33912637110199,-0.336373545013747,-0.333470842979194,-0.330409410674011,-0.327211138408724,-0.32386127810084,-0.320366087328299,-0.316742313659748,-0.312972693584402,-0.309068936487161,-0.305044757028432,-0.300883653772338,-0.296598340823399,-0.292201945416791,-0.287679103023678,-0.283041379547505,-0.278302751379758,-0.273449449849123,-0.268490425524663,-0.263440704607473,-0.258289523457943,-0.253041884759687,-0.24771315846543,-0.242297618975703,-0.23679517468215,-0.231220621219888,-0.225574674174259,-0.219851920262155,-0.214066383061187,-0.208223556252817,-0.202315309436445,-0.196354168281227,-0.190348424029866,-0.184289550468941,-0.178188284266715,-0.172054140969053,-0.165879393680081,-0.159673409720175,-0.153445734866188,-0.147189707561006,-0.140914289728625,-0.134627928287628,-0.128325130053457,-0.122015499956888,-0.115704801764592,-0.109389846475124,-0.103081279057952,-0.0967796905904959,-0.0904875592448629,-0.0842134555499695,-0.0779554068532012,-0.0717215164237503,-0.065513197548213,-0.0593346681689956,-0.0531904314108159,-0.0470828232929037,-0.0410167361500497,-0.034994849635106,-0.0290213874498482,-0.023099481088881,-0.0172327992791149,-0.0114251226724652,-0.00567959785702933,0
1.9,0.49,0.0282188348872772,-5.95551558656208e-26,0.0135636711526307,0.0271252044314981,0.0406826041658557,0.0542336730727866,0.0677761017829552,0.0813086033790638,0.094828351259036,0.10833360154706,0.121822940457441,0.135293552892022,0.148744503075012,0.16217373007277,0.175578623664722,0.188959777032912,0.202312238892084,0.215638386534832,0.228934033615551,0.242198243635589,0.255431854944363,0.268630322333372,0.281795504236062,0.294926036713485,0.308018734488669,0.321075899802853,0.334095850896011,0.347076455974072,0.360019676368102,0.372924403906411,0.385789287274649,0.398615664830194,0.411403326136581,0.424151726111431,0.436861381806302,0.449532942172684,0.462166884780156,0.474762918234254,0.487322158972069,0.499846251311352,0.512334611470508,0.524788067925447,0.537209338138339,0.549598545222847,0.561955328185196,0.574283322463985,0.586583918104695,0.598855411152808,0.611101971773721,0.623326286036297,0.635525752802866,0.647704652570241,0.659866654480064,0.67200881808608,0.684135351327284,0.696250405884579,0.708351066533271,0.720441641027033,0.732526099974464,0.744601833085224,0.756673606932815,0.768744249920847,0.780812181869606,0.792882729828587,0.804956205059471,0.817033805718685,0.829119781252819,0.841213207043493,0.85331791230681,0.865434713369563,0.877565471677737,0.889712352865364,0.901876375426065,0.914059725087156,0.926263507639184,0.938489624791023,0.950739136608383,0.963013637805273,0.975314525952154,0.98764286473741,0.999999999780859,-0.35336068256317,-0.353275293612909,-0.353022090975088,-0.352598664288209,-0.352008033857782,-0.351251971930516,-0.350322672829019,-0.34923132151544,-0.347973801543167,-0.346549620816723,-0.344964801383114,-0.343216284503932,-0.341306091072915,-0.339242349380695,-0.33701304743523,-0.334639577737634,-0.332102419553738,-0.329419007827278,-0.326589271751847,-0.32360454929462,-0.320486139000531,-0.317219628957372,-0.313811083646092,-0.310276791158595,-0.306599881935368,-0.302791737202086,-0.298865691437541,-0.294805611991786,-0.290623864604787,-0.286333215968959,-0.281918635814722,-0.277391376105406,-0.272765039502355,-0.26802614630192,-0.263183402534527,-0.258251445357883,-0.253219723227156,-0.248093092368306,-0.242886536727821,-0.237594423506973,-0.232216634034405,-0.226767602089385,-0.22124799249179,-0.215652483016833,-0.209994762978169,-0.204280175373496,-0.198500737200427,-0.192668681393805,-0.186792095101746,-0.180862605155404,-0.17489070046583,-0.168885673263565,-0.162839931444635,-0.156762628217545,-0.150663090830965,-0.1445347702009,-0.138386426351632,-0.132226313974693,-0.126049028734259,-0.119863964054773,-0.113676747640151,-0.107484233420853,-0.10129683773813,-0.0951151175475319,-0.0889414839939045,-0.0827843221969261,-0.0766416725605774,-0.0705214694344602,-0.0644250695999646,-0.0583565974389951,-0.0523204452532435,-0.0463188856408426,-0.0403566966734552,-0.0344364919547144,-0.0285623787899413,-0.0227374345470925,-0.0169652206078931,-0.0112494257481297,-0.00559312697470407,0
1.9,0.5,0.0201959301044552,-3.38306766233566e-26,0.0135995347134309,0.0271968365954705,0.0407898213801668,0.0543761943264917,0.0679535437886853,0.0815205261326058,0.095074189897347,0.108612714799775,0.122134625315971,0.135636983250699,0.14911881282588,0.162577964312543,0.176011714277607,0.189420685045237,0.202799710361121,0.216151275276089,0.229471014174658,0.242757953138138,0.256012972330537,0.269231333862076,0.282414981384041,0.295562498808022,0.308670569751063,0.321741600766703,0.334773846760194,0.347765092746916,0.36071738870947,0.373629590532964,0.386500299881173,0.399330915260235,0.412121230863567,0.424870692230342,0.437579839326098,0.450249363009661,0.462879778446616,0.475470781623794,0.488023548844622,0.500539814224225,0.513018970762858,0.525461889530098,0.537871424140969,0.550247709594653,0.562590370027074,0.574903215137634,0.587187705058765,0.599442059613297,0.61167064273784,0.623876267376304,0.636056217603269,0.648214967566035,0.660356353780759,0.672477308896143,0.684582226267614,0.69667544184932,0.708753918073313,0.720822147275575,0.732884272178088,0.744937576734514,0.756987025495518,0.769035568212144,0.781081564160305,0.793130553624345,0.805182869028568,0.817239756416932,0.829305630368421,0.841379542768071,0.853465460781779,0.86556424520716,0.877677822476038,0.889808443298441,0.901957166499919,0.914126256905941,0.926316860672081,0.938530955019338,0.950769625128033,0.963034530857205,0.975327115774713,0.987648474765107,0.999999999782451,-0.360565547475301,-0.360478167278176,-0.360219060914547,-0.359785764464852,-0.359181373068885,-0.358407706428828,-0.357456784698678,-0.356340063043259,-0.355053340088224,-0.353596124895388,-0.351974593683137,-0.350185632059433,-0.348231324383764,-0.346120006008971,-0.343839404710697,-0.341411429157005,-0.33881612767393,-0.33607135935089,-0.33317707512322,-0.330124435627887,-0.326935251904054,-0.323594807178084,-0.320109327026971,-0.316495495112106,-0.312736084953114,-0.308842757433709,-0.304829172391853,-0.300678861414181,-0.296404487516246,-0.292019125274316,-0.287507438272387,-0.28288094527365,-0.278153568505273,-0.273311561505987,-0.268363835712466,-0.263325361536783,-0.258185388349669,-0.252948890934664,-0.24763118395804,-0.242226541156007,-0.236734856646448,-0.231170873622691,-0.225535290802654,-0.219822694243959,-0.214047058221349,-0.208213848300963,-0.202314940299678,-0.196362815252499,-0.190365730192716,-0.184315166457695,-0.1782218211996,-0.172095173467601,-0.165927502544009,-0.159728140196689,-0.153506596236611,-0.147256213287988,-0.140985919365651,-0.134704128695382,-0.128405349829632,-0.122099153123076,-0.11579127668701,-0.109478527872524,-0.103171516156942,-0.0968708187861812,-0.0905788981609479,-0.0843042956243889,-0.0780450289694598,-0.0718091780764487,-0.0655981372096252,-0.0594161098213278,-0.0532675771665551,-0.0471548615175143,-0.0410828356344839,-0.0350541675244037,-0.0290730549052325,-0.0231426291261325,-0.0172665338212794,-0.0114485348928253,-0.00569177130418691,0
1.9,0.51,0.011744105868523,-3.47088078467367e-27,0.0136360286552047,0.0272697269894156,0.0408989197829597,0.0545212122494338,0.068134087764012,0.0817361444999861,0.0953243028649463,0.108896664216979,0.122451689734986,0.135986315002073,0.149499523299961,0.162989073959434,0.176452127537838,0.189889336506732,0.203295314308337,0.216672656804585,0.23001681486332,0.243326776485038,0.25660346513106,0.269841945823095,0.283044249918236,0.296208908454554,0.309332471265795,0.32241745215856,0.335462041904771,0.348463941010673,0.361425290580539,0.374344910629168,0.387221355552618,0.400056085634334,0.412848900895039,0.425599238386344,0.438307661545825,0.450974905245381,0.463601524500123,0.476187202301703,0.488733177165149,0.501241276664837,0.513710870100964,0.526142872648343,0.538540278854274,0.550903236344708,0.563231353983916,0.575528621301017,0.587796570955055,0.600033344373057,0.612243505000286,0.624429996538771,0.63658998518908,0.648728144072358,0.660848481779804,0.672947800903232,0.685030684913342,0.697101658819736,0.709157559981626,0.721203069571339,0.733242506556703,0.745273047115114,0.757299857823866,0.769326012583116,0.781349809273893,0.793377005098398,0.805407954762254,0.817443953007247,0.829489581959503,0.841543870788377,0.853610925652788,0.865691653624537,0.877788046427764,0.889902441180027,0.902035937719997,0.914190880613222,0.926368456768026,0.93857072016218,0.950798780072299,0.963054362738111,0.975338957674031,0.987653690545024,0.999999999795365,-0.367773483775254,-0.367684096460976,-0.367419039371844,-0.366975794761597,-0.36635753346327,-0.36556612337773,-0.364593409569653,-0.363451120116621,-0.362134968694754,-0.360644466279713,-0.358985945297337,-0.357156236180905,-0.355157488213801,-0.35299824648195,-0.350665977608451,-0.348183111529458,-0.34552926360478,-0.342722721428705,-0.339763459185893,-0.336642460163029,-0.333382052817429,-0.32996721486263,-0.32640433530292,-0.322710497322616,-0.318868116732718,-0.314889136983765,-0.310787546550767,-0.306546540834224,-0.302179082819759,-0.29769855781767,-0.29308932326793,-0.288363166892081,-0.283534332933935,-0.27858880863424,-0.273535712372771,-0.268390349747873,-0.263141771956208,-0.257795073352216,-0.252365900622974,-0.246848435214231,-0.241242584792963,-0.235563402641853,-0.229811622422205,-0.223981739339222,-0.21808801276352,-0.212136031439493,-0.20611753113038,-0.200045240728739,-0.19392758726454,-0.187755907868834,-0.181541107509179,-0.175292851773606,-0.169003292607744,-0.162681939852461,-0.15633848539577,-0.149966164731169,-0.143574073332455,-0.137170784483953,-0.130750720622584,-0.124323628421003,-0.117895356174447,-0.111462665379224,-0.105036357971674,-0.098617031800134,-0.0922072006955788,-0.085815561814371,-0.0794401109593711,-0.0730890732053772,-0.0667638807041477,-0.060468816008853,-0.0542084495150981,-0.0479851534526089,-0.0418038954678487,-0.0356673982006214,-0.0295799503777548,-0.0235447372079117,-0.0175654852833249,-0.0116460380570146,-0.00578959669365023,0
1.9,0.52,0.00286188729790138,4.33926375010902e-27,0.0136731502099572,0.0273438700325478,0.0410098908943416,0.054668715331136,0.0683177189898896,0.0819554403514752,0.0955786683644291,0.109185424046629,0.122774103697995,0.136341513508344,0.149886594871669,0.163407014007235,0.17689981262787,0.190365674387709,0.203798987016809,0.217202460305071,0.230571357308353,0.243904627291274,0.257203238540237,0.270462054539071,0.283683196894067,0.296865143065404,0.310004306418453,0.323103311013552,0.336160282718896,0.34917283623233,0.362143206297585,0.3750701771813,0.387952255808323,0.400790965894902,0.413586114556294,0.426337131314946,0.43904460364069,0.451709312604264,0.464331855419349,0.476911901690254,0.489450754559603,0.50195033884258,0.5144099996472,0.526830697800941,0.539215573694767,0.551564788347367,0.563877934932258,0.57615918851017,0.58841015676757,0.60062890050732,0.612820188537592,0.624987099283541,0.637126677922123,0.649243801959433,0.661342656844124,0.673419911910947,0.685480345500555,0.697528676524035,0.70956161451602,0.721584033765605,0.733600433655354,0.745607880573058,0.757611747165756,0.769615234302089,0.781616577643982,0.793621754941734,0.805631144347451,0.817646090098733,0.829671344213594,0.841705914015024,0.853754045575297,0.865816694104179,0.877895916857346,0.889994138662648,0.902112501046202,0.914253428889789,0.926418150216403,0.938608796982978,0.950826501449047,0.963073057462481,0.975350000369385,0.987658486133401,0.999999999793048,-0.374984892513747,-0.374893481787996,-0.374622425718233,-0.374169152456681,-0.37353690941315,-0.372727613452475,-0.37173293360748,-0.370564873654196,-0.369219062300394,-0.367695013216379,-0.365999217129707,-0.364128449795209,-0.362084926920981,-0.359877406072223,-0.357493091778664,-0.354954940483728,-0.352242132505251,-0.349373388417354,-0.346348707204217,-0.343158894782711,-0.339826802078886,-0.336337100627601,-0.332696345248359,-0.328922022699182,-0.324996190275124,-0.320931076968121,-0.316741003243379,-0.312408827880307,-0.307947816583797,-0.303371668307292,-0.298664434345546,-0.293838173573616,-0.288907454745927,-0.2838579992701,-0.278699134024551,-0.273446501751243,-0.268088956395389,-0.262631712901437,-0.257090751285916,-0.25146016189168,-0.24573986669586,-0.239945229739237,-0.234077020676717,-0.228129644730401,-0.222117646486301,-0.216046738470859,-0.209908517527688,-0.203715960147198,-0.197477663454479,-0.191184821666314,-0.184848547127008,-0.17847869167022,-0.172067281179937,-0.165624003078356,-0.159158730837379,-0.152664593971124,-0.146150854885401,-0.13962624544762,-0.133085102959279,-0.12653734981745,-0.119988944281467,-0.113436602702272,-0.106891318836467,-0.100353711434799,-0.0938263459445155,-0.0873180749674195,-0.08082687291187,-0.0743611097697069,-0.0679222559787767,-0.0615146732586136,-0.0551430213615097,-0.0488097227740809,-0.0425198402679662,-0.0362761513671588,-0.0300830364373074,-0.0239437344607848,-0.0178620557220461,-0.0118419216882237,-0.00588659600227933,0
1.91,0.49,0.0400069144037427,6.27650770368066e-27,0.0135623162265166,0.0271225075257005,0.0406785902820578,0.0542283804226212,0.0677695823133995,0.0813009165687458,0.0948195731738125,0.108323817923261,0.121812245171745,0.135282054863903,0.14873231645328,0.162160978889005,0.175565445658509,0.188946305395572,0.202298630392558,0.215624785927373,0.228920602057976,0.242185146246388,0.255419250561301,0.268618383888697,0.281784398486596,0.294915929499738,0.308009796629096,0.321068297114191,0.334089744305604,0.34707200390302,0.360017037085181,0.372923723587258,0.385790702182286,0.398619317601533,0.411409340584011,0.42416020698029,0.436872447012858,0.449546687492254,0.462183376259506,0.474782238430711,0.487344371318873,0.499871379811211,0.512362691335407,0.524819126625303,0.537243357561655,0.549635502802352,0.561995211485698,0.574326070278612,0.586629448668419,0.598903665624119,0.611152844571071,0.623379639794958,0.635581476971852,0.647762595980405,0.659926629450139,0.672070660841001,0.684198864435704,0.696315356829848,0.708417240763869,0.720508795608345,0.732593963369214,0.74467014460896,0.756742081521055,0.768812583633067,0.780880073116928,0.792949858724468,0.805022240913232,0.817098413690906,0.829182617413561,0.841273915852344,0.85337614184476,0.865490096420909,0.87761764516331,0.889760948539528,0.901921022577665,0.914100055287501,0.926299153741031,0.938520214916964,0.950764314948211,0.963033043177843,0.975327804579452,0.987649673124787,0.99999999978857,-0.35300050002359,-0.35291537441081,-0.352662952237936,-0.352240829367344,-0.351652014778975,-0.350898272446655,-0.349971817158725,-0.348883795066342,-0.347630097278513,-0.346210227381587,-0.344630182348491,-0.342886905591407,-0.340982403909872,-0.338924772180249,-0.336702025959561,-0.334335482910586,-0.331805671248891,-0.329129962493609,-0.326308274660319,-0.323331960136523,-0.32022224180965,-0.316964737849283,-0.313565482230372,-0.310040702028798,-0.306373563246188,-0.302575400762024,-0.298659496670739,-0.294609750055573,-0.290438477760354,-0.286158396089797,-0.281754501813045,-0.277238001703677,-0.272622446503311,-0.267894377891287,-0.263062464320341,-0.258141289374814,-0.253120314049903,-0.248004367729503,-0.242808381184254,-0.237526720976507,-0.232159254660635,-0.226720365513071,-0.22121070207524,-0.215624941417851,-0.20997672534009,-0.204271369693585,-0.198500897339341,-0.192677498192696,-0.186809226379632,-0.180887715797908,-0.174923417292336,-0.168925587897475,-0.162886641157488,-0.156815696074459,-0.150722045264329,-0.144599143269494,-0.138455717563286,-0.132299991394235,-0.126126561616084,-0.119944788594384,-0.113760275301991,-0.107569871690255,-0.101383960365462,-0.0952030845862637,-0.0890296402295624,-0.0828719847134505,-0.0767281485755501,-0.0706060442202887,-0.0645070096813656,-0.0584351555763935,-0.0523948531788151,-0.0463883617042879,-0.0404204405513444,-0.0344936920354239,-0.0286121983769285,-0.0227790370182414,-0.0169977450027721,-0.0112719969604015,-0.0056048625841195,0
1.91,0.5,0.0321877489807478,5.28967029386812e-27,0.0135981102079629,0.0271940012033226,0.0407856014010729,0.0543706299550826,0.0679466896662078,0.0815124448192816,0.0950649613970265,0.108602429281995,0.122123381503019,0.135624895678711,0.149106001515598,0.162564559665138,0.175997861095503,0.189406523319608,0.202785404870064,0.216136978118009,0.229456894686717,0.242744184787995,0.255999721936998,0.269218783057437,0.282403305244219,0.295551871417038,0.308661170413774,0.321733603453154,0.334767420282511,0.347760403266994,0.36071460214984,0.373628860094049,0.386501768333073,0.399334731996687,0.412127525489576,0.424879574312443,0.437591432205806,0.450263766764,0.462897061930334,0.475491030988748,0.48804683015758,0.500566152161395,0.513048401747036,0.525494441861525,0.537907078298431,0.550286441377884,0.562632165880521,0.574948010371326,0.587235413429704,0.599492618937973,0.611723941872309,0.623932161882511,0.636114591159901,0.648275661357041,0.660419170781928,0.672542077116787,0.684648738565473,0.696743454418175,0.708823205874366,0.720892455693408,0.732955316761411,0.745009084313709,0.757058697584648,0.769107086662782,0.781152613210149,0.793200798652641,0.805251964069231,0.81730735124144,0.829371365511517,0.841443046472242,0.853526365407731,0.865622167079778,0.877732382418959,0.889859256874285,0.902003846749912,0.914168419451909,0.926354122559689,0.938562928484309,0.950795939367557,0.963054809557581,0.975340990521244,0.987655588032302,0.999999999790709,-0.360194356102613,-0.360107247506705,-0.359848946093882,-0.359416994346707,-0.358814475695783,-0.358043201271821,-0.357095212287162,-0.35598192381915,-0.354699142218426,-0.353246372015645,-0.351629763488288,-0.349846204368919,-0.347897764390416,-0.345792744345388,-0.343518900314889,-0.341098063700527,-0.338510333178669,-0.335773502361154,-0.332887510540795,-0.32984353311679,-0.326663303073618,-0.323332134504317,-0.319856221485921,-0.316252184751568,-0.312502834319993,-0.308619783313333,-0.304616637581304,-0.300476961255595,-0.296213367031479,-0.291838877618031,-0.287338184298452,-0.282722759396603,-0.278006471779732,-0.273175596856999,-0.268239007506976,-0.263211619175014,-0.258082694021033,-0.25285717932783,-0.247550335289768,-0.242156434943184,-0.236675358313987,-0.231121796931652,-0.225496432846955,-0.219793851405539,-0.214027978322994,-0.20820425142803,-0.202314552553996,-0.19637131879079,-0.190382773453689,-0.184340405159462,-0.178254872169504,-0.17213561759074,-0.165974926584817,-0.159782095945526,-0.15356660009004,-0.147321785510281,-0.141056546889768,-0.134779266289348,-0.128484453684042,-0.122181645493043,-0.115876554538294,-0.109565984299993,-0.103260509501573,-0.0969606935430772,-0.0906689832028172,-0.0843938912367954,-0.0781334256396866,-0.0718956434811252,-0.0656819200075604,-0.0594964444205578,-0.0533436763651839,-0.0472259244165646,-0.0411480420428108,-0.0351126856508061,-0.0291240272038137,-0.0231851979314157,-0.0172998165233589,-0.0114716342526591,-0.00570378246917547,0
1.91,0.51,0.0239381637601149,2.99854369322938e-26,0.013634531888052,0.0272667477728491,0.0408944857660725,0.0545153656881624,0.0681268861001399,0.081727653496592,0.0953146066185873,0.108885857504111,0.122439876312656,0.135973615241885,0.149486063322117,0.16297499078062,0.176437573295113,0.18987445825028,0.203280285131202,0.216657636425355,0.230001981106291,0.243312311478589,0.25658954396857,0.269828759158006,0.28303198144657,0.296197740799719,0.309322592523473,0.322409044737301,0.335455282775119,0.348459004342405,0.36142235020715,0.374344127008446,0.387222878173943,0.400060070863849,0.412855484309247,0.425608534515344,0.438319799316379,0.450989989154237,0.463619626273383,0.476208411774819,0.48875756309236,0.501268864379653,0.513741697238762,0.526176968328392,0.538577622056184,0.5509438011378,0.563275125614195,0.575575531437649,0.587846528685854,0.600086284021742,0.612299309638552,0.624488514384608,0.636651093924038,0.64879167695104,0.660914232101372,0.673015588162043,0.685100291917779,0.697172830092343,0.709230059634286,0.721276630920741,0.7333168318214,0.745347850228282,0.757374826455132,0.769400813936678,0.781424112966721,0.793450461336983,0.805480201844952,0.817514624858381,0.829558303140121,0.841610252849916,0.853674584805314,0.865752189276588,0.877845062873597,0.889955537367154,0.902084710020653,0.914234928303222,0.926407380699716,0.93860411630676,0.950826262295802,0.963075539259798,0.975353445135225,0.987661117110673,0.999999999790409,-0.367391025317818,-0.367301918075572,-0.36703769103636,-0.366595833037776,-0.365979502808804,-0.365190559370524,-0.364220869450574,-0.363082119727216,-0.361770031771315,-0.360284111804642,-0.358630665419067,-0.35680652514056,-0.354813825075142,-0.352661074568406,-0.350335769318208,-0.34786025950104,-0.345214212255284,-0.342415847590119,-0.339465127565482,-0.336353050574978,-0.333101864563369,-0.329696578906936,-0.326143550089843,-0.322459796408992,-0.318627771126623,-0.314659368484001,-0.310568521327054,-0.306338458424049,-0.3019820909877,-0.297512750951301,-0.292914824121488,-0.288200050509907,-0.283382619535677,-0.278448540800441,-0.27340689313259,-0.268272925752095,-0.263035702893273,-0.257700290745105,-0.252282280214854,-0.246775851984575,-0.241180899309944,-0.235512422642252,-0.229771138584243,-0.223951541622334,-0.218067841519881,-0.212125598691223,-0.20611655507151,-0.200053394679903,-0.1939445101317,-0.187781246055227,-0.181574467698774,-0.17533380395955,-0.169051412902443,-0.162736768619881,-0.156399526839578,-0.150032927176584,-0.143646030981869,-0.137247378644639,-0.130831394272769,-0.124407789708334,-0.117982387392443,-0.111551945072034,-0.105127228881698,-0.0987088226829978,-0.092299224324469,-0.0859071014618444,-0.0795304401867363,-0.0731774418627555,-0.06684951935996,-0.0605509404763066,-0.0542862534015717,-0.0480578163487644,-0.0418705770328035,-0.0357272461738332,-0.029632086060276,-0.0235882815715279,-0.0175995337396096,-0.0116696708896819,-0.00580188626156745,0
1.91,0.52,0.0152567178359628,2.22920303866112e-26,0.0136715783996985,0.0273407414563403,0.0410052346039257,0.0546625757250788,0.0683101564208654,0.0819465239113319,0.0955684864030609,0.109174076127744,0.122761698809717,0.13632817808482,0.149872461368617,0.163392226311956,0.176884530493947,0.190350052192969,0.203783206486271,0.217186689063424,0.230555781985881,0.243889438999681,0.257188620951191,0.270448207659477,0.283670313351244,0.296853414327907,0.309993929687409,0.323094477430343,0.336153177694789,0.349167642220491,0.362140105307374,0.37506933716725,0.387953833197358,0.400795124247033,0.41359299560297,0.426346854695497,0.439057304030821,0.451725099040699,0.464350802563295,0.476934103150975,0.489476281832718,0.501979217900352,0.514442269337581,0.526866388048772,0.539254661886378,0.551607246719364,0.563923747449947,0.576208283037525,0.588462437524429,0.600684298167618,0.612878580158513,0.625048325458961,0.637190610101357,0.649310265175753,0.661411434375612,0.673490814427589,0.685553145412302,0.697603106289122,0.709637427023544,0.721660949865915,0.733678141809144,0.745686081391987,0.757690114040577,0.769693419338666,0.781694235378786,0.793698519959302,0.805706638738732,0.817719931471381,0.829743140707048,0.841775260004169,0.853820540680398,0.865879920350613,0.877955461569243,0.890049583741305,0.902163425765851,0.914299415777538,0.926458783539356,0.938643656065223,0.950855184483531,0.963095156864059,0.975365117526481,0.987666234622285,0.999999999788317,-0.374590899068816,-0.374499777101033,-0.374229576817366,-0.373777733139217,-0.373147480965781,-0.372340727963645,-0.371349165445617,-0.3701847544398,-0.368843131718788,-0.367323805966059,-0.365633240154817,-0.363768212094419,-0.361730921745703,-0.359530089717905,-0.357152950398264,-0.354622377909669,-0.351917605805373,-0.349057284910185,-0.346041401582897,-0.34286077719484,-0.33953817963863,-0.33605831291947,-0.332427698289387,-0.328663755611185,-0.324748580597892,-0.320694351551043,-0.316515331627693,-0.312194413808905,-0.307744810544653,-0.303180165870279,-0.29848456012183,-0.29367000317234,-0.28875100746151,-0.283713317251397,-0.278566218862623,-0.27332529722843,-0.267979419579416,-0.262533772023747,-0.257004277478259,-0.251385025455345,-0.245675923199917,-0.239892280747313,-0.234034850299736,-0.228098036354403,-0.222096332838572,-0.216035423354801,-0.209906911076487,-0.20372372668962,-0.197494432207188,-0.191210229566416,-0.18488219055963,-0.178520129578624,-0.172116078875684,-0.165679689343027,-0.159220797519945,-0.152732537309009,-0.146224136189814,-0.139704292395643,-0.133167345163348,-0.126623181144713,-0.120077732173165,-0.113527710985615,-0.106984074458498,-0.10044742722316,-0.0939203183783365,-0.0874115700822445,-0.0809191471387044,-0.0744513948909639,-0.0680097642376371,-0.0615986016196786,-0.0552225439726184,-0.0488839994413457,-0.0425880102051893,-0.0363373415407088,-0.0301363466767817,-0.0239882640404371,-0.0178968777299907,-0.0118660935698265,-0.00589916695466642,0
1.91,0.53,0.00614215869279286,-1.05600379036037e-26,0.0137092470710558,0.0274159768645378,0.0411178397201635,0.0548122489324187,0.0684964863749883,0.0821690384845467,0.0958265795845438,0.109467060108168,0.123088819755569,0.136688550412014,0.150265156930029,0.163816222204981,0.177338682870705,0.190833249151672,0.204294106281322,0.217724066302344,0.231118220052205,0.244475482072927,0.2577968591857,0.271077025982941,0.284318189097269,0.297518770476088,0.310675050324796,0.323789759566746,0.33686095239007,0.349886153281961,0.362867692630225,0.375804304365605,0.388694435672874,0.401539682776856,0.41433983831949,0.427094302144845,0.439803702011684,0.45246884056479,0.465090323624942,0.477667826814174,0.490202697207734,0.502696913065672,0.515149808269017,0.527562381537845,0.539937869133616,0.552276440860978,0.564577686065901,0.576845912469303,0.589082780606085,0.601286296084058,0.613461382992174,0.625611220403574,0.637732761549479,0.649831045358776,0.661910395395366,0.673967373110851,0.686006916653123,0.698033902083709,0.710044929630097,0.722045037697788,0.734038876579265,0.746023413457028,0.758004202895829,0.769984553449107,0.781962640201889,0.793944644546069,0.805930956191049,0.817922965065534,0.82992558580132,0.841937790277426,0.85396397115336,0.866005115286291,0.878063351372388,0.890141187734132,0.902239805575995,0.914361714233964,0.926508185096004,0.938681424302545,0.950882605770157,0.963113586269263,0.975375956351597,0.987670914612972,0.999999999798588,-0.381794388628767,-0.381701235430398,-0.381425013023412,-0.380963102135628,-0.380318814733027,-0.379494107905102,-0.378480496597907,-0.377290219014369,-0.375918827113471,-0.37436583283549,-0.372637858660518,-0.370731628188829,-0.368649408760756,-0.366400135035645,-0.363970779142188,-0.361384744459883,-0.358620828860393,-0.355698118518701,-0.352616625667088,-0.349366994638527,-0.345972518388091,-0.3424175948812,-0.338708912555197,-0.334864296938378,-0.3308654853823,-0.326724943255541,-0.322457267416343,-0.318045014622526,-0.313501701335448,-0.308841286628906,-0.304047545370671,-0.299132759504852,-0.294111767002964,-0.288970047260518,-0.283717095650765,-0.278368834783477,-0.272913935819444,-0.267357705804127,-0.261716400967284,-0.25598402084881,-0.250160487442982,-0.24426142102394,-0.238287610445067,-0.232233371088124,-0.226113481144381,-0.219933748000485,-0.213685637210989,-0.207382325848694,-0.201032545408324,-0.194627356437313,-0.188178036816082,-0.18169458612158,-0.175168912074885,-0.168610841864004,-0.16203039233307,-0.155420592825887,-0.148790836417045,-0.142149978700285,-0.135492275020465,-0.128827786245686,-0.122162553378818,-0.115493244854036,-0.10883100766035,-0.102176467494685,-0.0955322248979484,-0.0889072561777779,-0.0822995054391655,-0.0757174617514876,-0.0691626144406169,-0.062639388673428,-0.0561525103619534,-0.049704437893349,-0.0433003081716488,-0.0369429412954053,-0.0306367820837739,-0.0243851224463917,-0.0181918303010221,-0.0120608894580903,-0.00599561776535938,0
1.93,0.5,0.0561408554260578,2.51296826103619e-26,0.0135953353959334,0.0271884780922818,0.0407773811918064,0.0543597909006057,0.0679333381483087,0.0814967026411399,0.0950469843299529,0.108582392902199,0.122101478045922,0.135601348196471,0.149081043748284,0.162538445600345,0.175970872790766,0.189378933484259,0.202757534556859,0.216109123673488,0.229429386133879,0.242717360222602,0.255973906531161,0.269194330984669,0.282380557869573,0.295531168277206,0.308642861370315,0.321718027900834,0.334754907720706,0.347751278190918,0.360709188490277,0.373627457164883,0.386504655295314,0.399342200803335,0.412139829686486,0.424896928576307,0.437614077948349,0.450291900158054,0.462930818463966,0.475530579796888,0.488092301249113,0.500617594975017,0.513105888623546,0.525558029262685,0.537976729467456,0.550362110475438,0.562713827780726,0.57503554012377,0.587328644045262,0.599591430401683,0.611828118421611,0.624041422682812,0.636228710412494,0.64839432997982,0.660542004857515,0.672668741886667,0.684778830186842,0.696876497056245,0.708958760727616,0.721030025611449,0.733094345832135,0.745149039090971,0.757198994379689,0.76924710297553,0.781291731511153,0.793338363517751,0.805387297957284,0.817439768000998,0.829500159987635,0.841567489806521,0.853645735754532,0.865735711154008,0.87783935515936,0.889958902354207,0.902095403804411,0.914251131266286,0.926427234720659,0.938625676557582,0.950847591589,0.963094622836074,0.975368236615313,0.98766955948419,0.999999999779555,-0.359467844636194,-0.35938126707757,-0.359124539516541,-0.358695216965995,-0.358096359983832,-0.357329762971093,-0.356387508350913,-0.355280932865295,-0.354005858020131,-0.352561779544551,-0.350954797057576,-0.349181802515001,-0.347244837121339,-0.345152134170197,-0.342891505166019,-0.340484630505429,-0.337911707402923,-0.335190401508876,-0.33232062943397,-0.329293595520534,-0.32613088018324,-0.322817857959168,-0.319360661382371,-0.315775788177927,-0.312046119814318,-0.308183176042978,-0.304200457164923,-0.30008159101064,-0.295839091872867,-0.291485881031383,-0.287006703962959,-0.28241294215434,-0.277718360095842,-0.272909275949153,-0.267994487149955,-0.262988801605781,-0.257881506412901,-0.252677495016917,-0.247391921041362,-0.24201905602268,-0.236558752334432,-0.231025600444165,-0.225420249655375,-0.219737283740606,-0.213990533461999,-0.208185382276704,-0.202313723473333,-0.19638790825569,-0.19041609393487,-0.184389782907513,-0.178319557470749,-0.172214790459908,-0.166067777939899,-0.159887748435883,-0.153684107239416,-0.147450207682679,-0.141194879462359,-0.134926441842076,-0.128639406747176,-0.122343244580281,-0.116043618650308,-0.109737324064957,-0.10343486817217,-0.0971367866539092,-0.0908454954828609,-0.0845694519700571,-0.0783066438318959,-0.0720650841817824,-0.0658461102639566,-0.059653883472474,-0.0534928209932133,-0.0473652041636758,-0.0412758486898421,-0.0352273879212768,-0.0292239429907081,-0.0232686449617239,-0.0173650630841781,-0.0115169197314677,-0.00572733106657927,0
1.93,0.51,0.0482944159448495,-4.91917211705443e-28,0.0136316166430529,0.0272609451531552,0.0408858495928119,0.0545039782173191,0.0681128591522217,0.0817111150950648,0.0952957204835751,0.108864808160027,0.122416865774549,0.135948877898137,0.149459844762441,0.162947557846599,0.176409222296698,0.189845475615285,0.203251008074484,0.216628376105808,0.229973084048933,0.243284132620299,0.256562424574218,0.269803070952039,0.283008082564491,0.296175987397373,0.30930335157814,0.322392672071666,0.335442123780021,0.348449399120086,0.361416638102509,0.374342621487692,0.387225871513045,0.400067868617186,0.412868351685854,0.425626695904465,0.438343507045303,0.451019448049911,0.463654977475309,0.476249831645167,0.488805186930661,0.501322742971933,0.51380190535304,0.526243564085202,0.538650565847832,0.551023043825969,0.563360639806475,0.575667185157762,0.587944145916981,0.600189738013734,0.612408373419029,0.624602892866111,0.636770549688044,0.648915885512684,0.661042790722526,0.673148145544469,0.68523642466399,0.697312039630023,0.70937188605019,0.721420553545501,0.733462268736864,0.745494242853392,0.757521564076604,0.769547245443704,0.781569592291762,0.793594303384612,0.805621698310775,0.81765305859782,0.829692937707903,0.841740326719256,0.853799344462558,0.865870848272659,0.877956843710826,0.890059651486798,0.902180363507452,0.914321332188381,0.926483748696833,0.938669651940116,0.950880203558543,0.963117112527225,0.975381892625413,0.987675703040341,0.999999999793844,-0.36664252762971,-0.366553967932236,-0.366291363656888,-0.365852216526367,-0.365239661628521,-0.364455540655378,-0.363491762725437,-0.362359933627334,-0.361055790420457,-0.359578830093802,-0.35793530584329,-0.356122054359236,-0.354141180149147,-0.35200112276326,-0.349689434825713,-0.347228310652018,-0.344597518706337,-0.341815146931288,-0.338881133768444,-0.335786507229508,-0.332553357900134,-0.329166757156376,-0.325632997952054,-0.321968971757578,-0.318157205144647,-0.314209496160952,-0.310139668904302,-0.305931017448565,-0.301596351769511,-0.297148899425293,-0.292573101719348,-0.287880605345324,-0.283085492485457,-0.278173816450645,-0.27315457868553,-0.268042918114517,-0.262827924390907,-0.257514608566376,-0.252118452421734,-0.246633635010108,-0.241060021308233,-0.235412508424737,-0.229691779445641,-0.223892327265466,-0.218028264648738,-0.212105096477257,-0.20611457643521,-0.200069300847191,-0.193977594963554,-0.18783081760319,-0.181639756439434,-0.175413968640327,-0.169145623623085,-0.162844125709406,-0.156519060013211,-0.150163673461979,-0.143786960888331,-0.137397398468923,-0.130989412720525,-0.124572647741904,-0.11815287536362,-0.111726845173603,-0.105305253915895,-0.0988886574427034,-0.0924795220923409,-0.0860864583180722,-0.079707432070365,-0.0733505990303905,-0.0670173335309397,-0.0607118745872014,-0.0544387267685474,-0.0482002204178447,-0.0420012642468601,-0.0358445452880365,-0.0297342736577579,-0.0236736336659991,-0.0176662756885039,-0.0117159981731131,-0.00582597855887692,0
1.93,0.52,0.0400131267050515,2.37935239688688e-26,0.0136685173470556,0.0273346486319537,0.0409961665521167,0.0546506188617675,0.0682954282182863,0.0819291588562863,0.0955486564745661,0.10915197514656,0.122737538949543,0.136302205508723,0.149844933971788,0.163363424282639,0.176854764938977,0.190319623777594,0.203752469199971,0.217155969429928,0.230525443648515,0.243859854360051,0.257160147954137,0.270421236223121,0.283645218983438,0.296830570395269,0.309973720891969,0.323077276592414,0.336139346643455,0.349157537198948,0.3621340815879,0.375067722832633,0.3879569340623,0.40080325989696,0.413606443266597,0.42636584875842,0.439082108054248,0.451755926740227,0.464387800855476,0.476977455801778,0.489526129538666,0.502035612761236,0.514505288550861,0.526936091369816,0.539331006676636,0.55169018034578,0.564013240096483,0.576304195385851,0.588564584147137,0.600792545277485,0.612992689129302,0.625167986409217,0.637315573539422,0.649440190649685,0.661545899659979,0.673629451086711,0.685695509818396,0.697748676370567,0.70978572103284,0.721811422842494,0.733830184998815,0.745839110256771,0.757843489999332,0.769846461793756,0.78184626883252,0.793848828771205,0.80585448292392,0.817864561979137,0.829883788928804,0.841911130799932,0.853950848011684,0.866003843693965,0.878072190129951,0.890158295485674,0.902263293189254,0.914389616967996,0.926538499568747,0.938712057664984,0.950911478730995,0.963138538935918,0.975394799489792,0.987681451814862,0.999999999792489,-0.373819897155432,-0.373729339655238,-0.373460812277474,-0.373011763190395,-0.37238540286104,-0.371583621008005,-0.370598152539033,-0.369440874967349,-0.368107440888028,-0.366597349300875,-0.364917008992949,-0.363063201867066,-0.361038097178497,-0.358850343376211,-0.356487233302561,-0.353971480232851,-0.351282421889058,-0.348438572814892,-0.34543989477895,-0.342277239451127,-0.338973212453943,-0.335512581370388,-0.331901801882251,-0.328158163113382,-0.324263835974213,-0.320230899685168,-0.316073505381805,-0.311774612979185,-0.307347330799028,-0.302805195495117,-0.298132344217348,-0.29334069099809,-0.288444638131249,-0.283429974550742,-0.278305907227096,-0.273087908003987,-0.267764870012076,-0.262341922910253,-0.256834877910064,-0.251237822760096,-0.245550635796602,-0.23978852141899,-0.233952197537916,-0.228036067041165,-0.222054524805454,-0.21601319773752,-0.209903701058062,-0.203738875945119,-0.197527215684706,-0.19125993682519,-0.184948031965649,-0.1786012423068,-0.172211611919508,-0.165788720409937,-0.159342332204786,-0.152865589015994,-0.146367650251091,-0.139857148499116,-0.133328425894854,-0.126791299583082,-0.120251649676134,-0.113706180991751,-0.107165778942857,-0.100631019876097,-0.0941044206639643,-0.0875947444487097,-0.0810999360676998,-0.0746282933852275,-0.0681812282397211,-0.0617630572779014,-0.0553783726248998,-0.0490295539125147,-0.0427216030348546,-0.0364572609345297,-0.0302408272985345,-0.0240755395493808,-0.0179651298928709,-0.0119134732669504,-0.00592380862797749,0
1.93,0.53,0.0312958063721958,-6.50297279664e-27,0.0137060346370529,0.0274095827433938,0.0411083232862128,0.054799700924534,0.0684810301383334,0.0821508152216267,0.0958057698552132,0.109443867390949,0.123063466776201,0.136661295563284,0.150236270885537,0.163785999010697,0.177307448995036,0.190801320035251,0.204261853323288,0.217691831963549,0.231086385732735,0.244444438284876,0.257766981161468,0.271048722499558,0.284291853657209,0.297494794268159,0.310653836405231,0.323771698341464,0.336846422690531,0.349875528043098,0.362861343580346,0.375802574681943,0.388697645144774,0.401548165462207,0.414353883832324,0.427114155157528,0.439829637645081,0.452501081662145,0.465129023006257,0.477713175828067,0.490254842053997,0.502755907119594,0.515215731156187,0.527635294620206,0.540017726552532,0.552363186283137,0.564671287086206,0.576946222098062,0.589189603607283,0.601399491319037,0.613580699720451,0.625736333389511,0.637863408758404,0.649966869788277,0.662050954644615,0.67411228098885,0.686155708604912,0.698186031753784,0.710199892691301,0.722202264103411,0.734197729885938,0.746183282323269,0.758164420006359,0.770144407820365,0.782121425988954,0.79410161466829,0.806085338042318,0.818073976752989,0.830072425660988,0.842079628588051,0.854099988477093,0.866134456095025,0.878185170696476,0.890254629206441,0.902344007248056,0.914455820449029,0.926591343504069,0.938752772080737,0.950941318399984,0.963158827057817,0.975406906600924,0.987686780227612,0.999999999803056,-0.381000345271788,-0.380907773895184,-0.380633275813572,-0.380174245370552,-0.379533969285418,-0.378714386060332,-0.377707055465174,-0.376524129488918,-0.37516117624755,-0.373617697526209,-0.371900259773751,-0.370005590600372,-0.3679359254953,-0.365700124521329,-0.363285219817861,-0.360714448794446,-0.357966716391623,-0.355060968175049,-0.351997190777858,-0.348766059517664,-0.345390700042159,-0.341855575495522,-0.33816730665049,-0.334343584286486,-0.330366222869538,-0.326247585732695,-0.322002154362806,-0.317612554102332,-0.313092194334404,-0.308454923682341,-0.303684575159013,-0.298793332302288,-0.293795919978673,-0.288677863224119,-0.283448576069445,-0.27812386520383,-0.272692428167556,-0.267159514232871,-0.261541265321925,-0.255831679069959,-0.2500306479298,-0.244153684233891,-0.238201541763895,-0.232168534275929,-0.226069338852768,-0.219909705019801,-0.213681110681784,-0.207396641585179,-0.201064959134494,-0.194677138919167,-0.188244378000018,-0.181776601296396,-0.175265728832127,-0.168721514979738,-0.162153902960579,-0.155555930450593,-0.148936920874961,-0.142305662733955,-0.135656414791148,-0.128999166604746,-0.122339906331947,-0.115675294754923,-0.10901640526507,-0.102363835015585,-0.0957201515928018,-0.0890942704158132,-0.0824841158368293,-0.075898127575821,-0.0693377553878749,-0.0628073935960215,-0.0563117220814687,-0.0498531700641984,-0.0434368328378048,-0.0370655055039079,-0.0307435779401353,-0.0244743405834179,-0.0182616082019528,-0.0121093326778361,-0.00602081475825616,0
1.93,0.54,0.0221414563722501,2.73437265298875e-26,0.0137441658394053,0.0274857420949156,0.0412223115963706,0.0549512132678261,0.0686696506556088,0.0823760666111038,0.0960670394625892,0.109740459857328,0.12339462003271,0.137026114293479,0.150633816818645,0.164215238032222,0.177767224717787,0.191290508488012,0.204779097911151,0.218235894125619,0.231655833208711,0.245037799331977,0.258382830751238,0.271685427498794,0.284947875066992,0.298168537881972,0.311343566981172,0.324475795853444,0.337563199829254,0.350603208654798,0.3635982499464,0.376546991585479,0.389447807854629,0.402302376840589,0.415110453303059,0.427871383440236,0.44058585260365,0.453254658158002,0.465878378030903,0.478456714777068,0.490991036739248,0.503483327898729,0.515932924978796,0.528340856008981,0.540710398548129,0.553041726172053,0.565334437314038,0.577592914513856,0.589818846935619,0.602010212876368,0.614172036828925,0.626307561222819,0.638413679355898,0.650495544438644,0.662557575672523,0.674596254669383,0.686616640857282,0.698623727085903,0.710614024838014,0.722592704707295,0.734564535441085,0.746526396862974,0.75848399877211,0.770440736177299,0.782394725535448,0.794352333058934,0.806313946992889,0.818280998712944,0.830258557216846,0.842245544056826,0.854246505510681,0.866262441885886,0.878295559590428,0.89034844558227,0.902422318346995,0.91451977593534,0.926642135332723,0.938791672406717,0.950969622942211,0.963177901187227,0.975418162866846,0.987691662430459,0.999999999799451,-0.388184283724536,-0.38808968197823,-0.387809164349044,-0.38734007107968,-0.386685766039197,-0.385848237292343,-0.384818868522653,-0.383610089021096,-0.38221738241303,-0.380640254067767,-0.378885430224529,-0.376949584713248,-0.374835020785839,-0.372550812908897,-0.370083731577671,-0.367457543647204,-0.364650719188957,-0.361682639326001,-0.358553317135931,-0.355253251574318,-0.351806093427414,-0.348196000740861,-0.344429761797115,-0.34052547312915,-0.336464591956366,-0.332259768728694,-0.327925818671564,-0.323445032129072,-0.318831122314266,-0.314098252751152,-0.309229952328559,-0.304238676291566,-0.299139474581447,-0.293917608820262,-0.288582701650573,-0.283150896556693,-0.277610696432554,-0.271967471174294,-0.266237694700155,-0.260415275735293,-0.254500121606309,-0.248508053212591,-0.242439861256789,-0.236289771241764,-0.23007274253349,-0.223794647862392,-0.217446828970925,-0.211042615870848,-0.204590838153852,-0.198082431765634,-0.191528797751287,-0.184940044420626,-0.178307969046596,-0.171642500244575,-0.164953759504392,-0.158234681634477,-0.15149475352545,-0.144742919088148,-0.137973354708269,-0.131196221744612,-0.124417616166159,-0.117634155437942,-0.110857100279537,-0.104087068950149,-0.0973266799415654,-0.0905850005818716,-0.0838599353395385,-0.0771600655238529,-0.070486879211209,-0.0638448484822242,-0.0572387412042842,-0.0506710365013021,-0.0441469233263859,-0.0376692512116422,-0.031242500879946,-0.0248700157221844,-0.0185556938305064,-0.0123035645252467,-0.00611699065157509,0
1.93,0.55,0.0125492487062769,1.42813198104549e-26,0.0137829084907033,0.0275631217125642,0.0413381239072663,0.0551051455766133,0.068861276528105,0.0826048966430946,0.096332445505089,0.110041729042217,0.123730971177858,0.137396629744954,0.151037535018214,0.164651099382595,0.17823404447788,0.19178713542042,0.205304142662098,0.218788088596648,0.232233711255289,0.245639854701036,0.259007605514069,0.272331251127166,0.285613173818681,0.298851682146115,0.312042783427386,0.32518942949282,0.338289527668104,0.351340417592728,0.364344627952213,0.37730078932432,0.390207226338247,0.403065686423335,0.415875932266011,0.428637302409824,0.441350509972135,0.454016401614091,0.466635599863107,0.479207795316508,0.491734425255619,0.504217576136151,0.51665656080361,0.529052456475991,0.541408694302163,0.553725462918457,0.566002345501514,0.578243919856566,0.590451954605909,0.602624344362874,0.614766329618037,0.626881294717088,0.638966006611136,0.651025833268728,0.663065379802401,0.675080988527722,0.687077923323013,0.699061380535792,0.711027738112355,0.722982368839821,0.734930230509354,0.746868088500583,0.75880186781343,0.770735096404142,0.782665826192807,0.794600652947319,0.806539990214451,0.818485320870978,0.830441890246056,0.842408598651974,0.854390136383436,0.866387555255978,0.878403128942993,0.89043953567953,0.902498037474838,0.914581315256825,0.92669072861853,0.938828634810455,0.950996291900676,0.963195685006211,0.975428516806131,0.987696072408034,0.99999999980828,-0.395372144443904,-0.395275495404625,-0.394988908111138,-0.394509668422853,-0.393841218281231,-0.392985596115284,-0.391934008551928,-0.390699165087446,-0.389276464848494,-0.387665417612471,-0.385872911597024,-0.383895567382252,-0.381735757555219,-0.379402773853167,-0.376883124165605,-0.374201110244508,-0.371334765155215,-0.368303910231025,-0.365108586617432,-0.361739116898924,-0.358219682241585,-0.354534134918555,-0.350689433197626,-0.346704083561103,-0.342559185159975,-0.338267678630712,-0.333844716399588,-0.329272253374236,-0.324564309419707,-0.319735365949754,-0.314768647738354,-0.309676883974449,-0.304475452217585,-0.299149351164909,-0.293708413638792,-0.288169121891298,-0.282519785125653,-0.276765894876201,-0.270924258347587,-0.264988696569876,-0.258959132500234,-0.252851696229618,-0.246667216434647,-0.240399831246242,-0.234064782373196,-0.227668066329277,-0.22120088985388,-0.214676826902425,-0.208104875307767,-0.201475832689868,-0.194801303587266,-0.18809157935787,-0.181338335815615,-0.174551675290498,-0.167741897007124,-0.160901834062404,-0.154041136266574,-0.147168902441866,-0.140279227570415,-0.133382444220764,-0.12648475594538,-0.119582737593151,-0.112687836605085,-0.105800692632648,-0.0989239752775134,-0.0920669034565258,-0.085227362327646,-0.0784140745881928,-0.0716285670338626,-0.0648753896228203,-0.0581593984703148,-0.0514831229372742,-0.0448518459415964,-0.0382684717410925,-0.0317375725946692,-0.0252625448263101,-0.0188473706439786,-0.0124961573420656,-0.00621233020586269,0
1.93,0.56,0.00251851430183305,6.87378715227485e-26,0.0138222603492693,0.027641717063907,0.0414557533011473,0.0552614884037862,0.0690558955843667,0.0828372902003956,0.0966019696382478,0.110347653059537,0.124072494444653,0.137772811878863,0.151447390772219,0.165093543246293,0.178707862884465,0.192291149427377,0.205836929635947,0.219348350451244,0.23281994745774,0.246250523990175,0.259641216612578,0.272986095615809,0.28628764277748,0.299544110145958,0.312751358625331,0.325912461579709,0.339025257637431,0.35208699508824,0.365100306374013,0.378063785014887,0.390975705891421,0.403837887554993,0.416650102057443,0.429411681408011,0.442123367114006,0.454786057516676,0.467400422313885,0.479966139766292,0.492484718690847,0.504958352073513,0.517386328399389,0.529769775727291,0.54211228400884,0.554414057780015,0.566674664523639,0.578898883314438,0.591088564879502,0.603241517810513,0.615363204712511,0.627457155998716,0.63952000899005,0.65155735201501,0.663573981059181,0.675566095841072,0.68753916955394,0.699498607019654,0.711440649859986,0.7233708773678,0.73529444060822,0.747207988541779,0.7591176653527,0.771027134786657,0.782934383486535,0.794846240215391,0.806763145113334,0.818686633312663,0.830622128590745,0.842568511147515,0.854530615842274,0.866509548032525,0.878507648696924,0.8905276885606,0.902570973811596,0.914640268638134,0.926736975531305,0.938863534283378,0.951021223864142,0.963212101467916,0.975437916435107,0.987699983868772,0.999999999803596,-0.402564380207026,-0.402465666510486,-0.402172958130321,-0.401683486253986,-0.401000771843817,-0.400126904518096,-0.399052912854617,-0.397791789537475,-0.396338849190248,-0.394693606848214,-0.392863114956659,-0.390843941395007,-0.388638529702908,-0.38625639183408,-0.383683772089928,-0.380945512714619,-0.378019207579818,-0.374925123002134,-0.371663329863063,-0.368223974367703,-0.364631773434117,-0.360870272874428,-0.356946603475384,-0.352879685964274,-0.348650260581839,-0.344271561287238,-0.339759081246173,-0.335094439478962,-0.33029196537895,-0.325366461297316,-0.320300847898322,-0.315108130586382,-0.309804017124313,-0.304373243778066,-0.298825855134104,-0.29317867420743,-0.287419817477704,-0.281554899134952,-0.275601060964568,-0.269552037527939,-0.263407768168621,-0.257184692783562,-0.25088367907869,-0.244498778696804,-0.238045515730826,-0.231530011047344,-0.224943337547055,-0.21829931278849,-0.211607102884398,-0.204857368449064,-0.198061917010426,-0.191231222617838,-0.1843568409127,-0.17744904740739,-0.17051831852063,-0.163557386779878,-0.156576064376964,-0.149583604548941,-0.142574021828025,-0.135557819426007,-0.128541308256329,-0.121521021234042,-0.114508591961951,-0.107504681756267,-0.100512011546759,-0.09353995156983,-0.0865863682162951,-0.0796601254394245,-0.0727627891452905,-0.0658989873305054,-0.0590736646533156,-0.0522894010629577,-0.0455515737950779,-0.0388631421532888,-0.0322287706611143,-0.0256519085963529,-0.0191366231060687,-0.0126871000379726,-0.00630682749597711,0
1.94,0.5,0.0681025785062706,3.10676004329735e-26,0.013593983847307,0.0271857879017001,0.04077337728433,0.0543545113712686,0.0679268347873711,0.0814890347483636,0.0950382277452601,0.108572633113569,0.122090808655327,0.135589877822295,0.14906888621688,0.162525724613461,0.17595772573096,0.189365493192149,0.202743957449569,0.216095554130596,0.229415984984961,0.242704292242285,0.255961330212548,0.269182419017515,0.28236947668678,0.295521083471287,0.308633943637873,0.321710442803887,0.33474881607488,0.347746838450988,0.360706558788503,0.373626783722861,0.386506074598222,0.399345855513624,0.412145843826927,0.424905407316796,0.437625139433614,0.450305640535963,0.462947304388925,0.475549894289412,0.488114508271427,0.50064271927226,0.513133966105937,0.525589088078603,0.538010752328725,0.550399075685392,0.562753723721264,0.57507830644877,0.58737419990585,0.599639717881264,0.611879032784901,0.62409482739406,0.636284495871605,0.648452345775714,0.660602063930601,0.672730681312906,0.684842453096259,0.696941571235289,0.709025072231247,0.72109733171716,0.733162374883667,0.745217530612348,0.757267662972028,0.769315644088119,0.781359843170852,0.793405724729863,0.805453576946306,0.81750462864771,0.829563256424544,0.841628464738339,0.853704234809522,0.865791364548784,0.877891796852614,0.89000776071149,0.902140304480185,0.9142917017035,0.926463103349884,0.938656466610325,0.950872942027769,0.96311416681697,0.975381614263951,0.987676420839175,0.999999999787739,-0.35911229659355,-0.359025978652442,-0.358770020530042,-0.358341983371342,-0.357744916562297,-0.356980606339171,-0.356041155290539,-0.354937861882495,-0.353666555054879,-0.352226726261764,-0.350624450385537,-0.348856621480061,-0.346925266836345,-0.344838586784063,-0.342584419962268,-0.3401843729756,-0.337618691257341,-0.334904977928641,-0.332043138550521,-0.329024391653872,-0.325870243085085,-0.322566096976574,-0.319118055797228,-0.315542557149707,-0.311822517475029,-0.307969410883544,-0.303996686079799,-0.299888002067824,-0.295655825025334,-0.29131302663625,-0.286844378889088,-0.282261218843287,-0.277577259938286,-0.272778841232557,-0.267874723253106,-0.262879661302011,-0.257782954633004,-0.252589470338957,-0.247314309910448,-0.241951744086971,-0.236501611675052,-0.23097845371138,-0.225382903412586,-0.219709543694363,-0.213972158892637,-0.208176105815749,-0.202313283203189,-0.196396000287479,-0.190432382073115,-0.184413937474011,-0.178351211685595,-0.172253543189559,-0.166113233094353,-0.159939476603792,-0.153741645251539,-0.147513095364073,-0.141262624954852,-0.134998522630759,-0.128715300867933,-0.122422397955618,-0.116125452963463,-0.10982125651633,-0.103520283301139,-0.0972230551354868,-0.09093197280498,-0.0846554667310069,-0.0783915141735263,-0.0721481070671301,-0.0659265636809393,-0.0597310318408445,-0.0535659078744092,-0.0474334595816526,-0.0413384841866438,-0.0352836035840561,-0.0292729138264934,-0.0233095459290478,-0.0173970446477799,-0.0115391180839381,-0.00573887483038346,0
1.94,0.51,0.0604570674159541,3.08883726167912e-26,0.0136301968482968,0.0272581191294101,0.0408816435375887,0.0544984321695532,0.0681060275433911,0.0817030602458225,0.0952865220943626,0.108854556065052,0.12240565832604,0.135936829221438,0.149447074440556,0.162934195826699,0.176395412886796,0.189831358322799,0.203236747172227,0.216614123173331,0.229959007939244,0.243270406297091,0.256549214356975,0.269790558069051,0.282996441607361,0.296165392046477,0.309293980863089,0.322384699551731,0.335435718011173,0.348444726163141,0.361413863599811,0.374341898561796,0.387227343049998,0.400071683914019,0.412874640461395,0.425635568080681,0.438355086101119,0.451033834370158,0.463672240495265,0.476270057930693,0.488828443047866,0.501349054354551,0.513831309125035,0.526276089233519,0.538686193729148,0.551061751171355,0.563402413926634,0.575711962316358,0.587991840900471,0.600240289657945,0.612461671556369,0.624658794043835,0.636828938676183,0.648976604418424,0.661105643332719,0.673212960901336,0.685302996382675,0.697380124420401,0.709441259694497,0.721490961859736,0.733533427378191,0.745565879096983,0.757593379332786,0.769618921187646,0.781640812621608,0.793664732796931,0.805690989991589,0.817720861271342,0.82975889018072,0.841804055708318,0.853860480070193,0.865929004458774,0.878011638519028,0.8901106972583,0.902227269808356,0.914363710647646,0.926521212059898,0.938701807656958,0.950906675676757,0.96313751913359,0.97539585924738,0.987682865699892,0.999999999788766,-0.366276251453198,-0.366187959417338,-0.365926148415567,-0.365488326475885,-0.364877617140239,-0.364095853644497,-0.363134965848526,-0.362006520021381,-0.360706260819991,-0.359233680749491,-0.357595007423867,-0.355787079604394,-0.353811987365108,-0.351678136174911,-0.349373106526661,-0.346919016578839,-0.344295684374913,-0.341521133328806,-0.338595290377877,-0.335509198052865,-0.332284870037565,-0.328907408063579,-0.325383074051467,-0.321728697488255,-0.317926840826467,-0.313989255096334,-0.309929711239245,-0.305731535287313,-0.301407487718357,-0.296970745057447,-0.292405775756034,-0.287724180869203,-0.282939990132033,-0.278039278218866,-0.273031008717391,-0.267930266599448,-0.262726153910224,-0.257423654712841,-0.252038197406507,-0.246563960182267,-0.2410007941424,-0.235363545850627,-0.229652881927935,-0.223863294400144,-0.218008848607461,-0.212095022214179,-0.206113574494093,-0.200077058919482,-0.193993767769475,-0.187855066573642,-0.181671705120561,-0.175453205514938,-0.169191742427402,-0.162896686129665,-0.156577587255224,-0.150227695945052,-0.143855974607497,-0.137470868076453,-0.131066803630623,-0.124653392422432,-0.118236381509821,-0.111812516090638,-0.105392459278974,-0.0989767529126638,-0.0925678477981591,-0.0861743266535971,-0.0797941450241575,-0.0734354365848903,-0.0670995564227016,-0.0607907295131464,-0.0545134390014736,-0.0482700013802293,-0.0420653062769615,-0.0359020289584358,-0.0297843538028604,-0.0237154648776788,-0.017698987464273,-0.011738705259166,-0.00583778782868808,0
1.94,0.52,0.0523751848548272,4.61387829921069e-26,0.013667026709241,0.027331681606919,0.040991750659468,0.0546447961601101,0.068288255883139,0.0819207023465237,0.0955389995008458,0.109141212057405,0.122725773030444,0.136289556603713,0.149831527640654,0.163349396955938,0.176840268113171,0.190304803877616,0.203737498650296,0.217141007277057,0.230510667066784,0.24384544480369,0.257146279852939,0.270408099654802,0.283632996989442,0.29681944503012,0.309963879813117,0.323068901632161,0.336132614362961,0.349152621523848,0.36213115591932,0.375066947419258,0.387958458396797,0.400807240119427,0.413613014965167,0.426375126745396,0.439094221297586,0.451770979976113,0.464405866361933,0.47699862377642,0.489550469203934,0.502063150224335,0.514536062151667,0.526970130923268,0.539368292098228,0.551730686700661,0.564056953549141,0.576351048657603,0.588614487475346,0.60084543410525,0.613048447642481,0.625226463976704,0.637376649082782,0.64950369852162,0.66161163417123,0.673697232957,0.685765122820986,0.697819865769572,0.7098582519882,0.721885029334441,0.733904569595146,0.745913987585573,0.757918547870753,0.769921367283213,0.781920691676611,0.793922418532746,0.805926877304536,0.817935394102509,0.829952681850146,0.841977694788631,0.854014697226115,0.866064575393347,0.878129406022579,0.890211591476379,0.902312262345432,0.914433854718007,0.926577602596003,0.938745617268953,0.950939103713092,0.963159831985872,0.975409371235211,0.987688923986884,0.999999999787698,-0.373442642342402,-0.373352360748457,-0.373084651073107,-0.372636967966461,-0.372012509964811,-0.371213158029783,-0.370230668398023,-0.369076877785262,-0.367747446548062,-0.366241868984105,-0.364566527427792,-0.362718205820025,-0.360699058444845,-0.358517698519406,-0.356161447501449,-0.353652940081136,-0.350971564947014,-0.348135770061775,-0.345145505218076,-0.341991636937992,-0.338696691549812,-0.335245467763077,-0.331644389232821,-0.3279106811931,-0.324026551357105,-0.320004030520138,-0.315857215065613,-0.311569097661967,-0.307152735722488,-0.302621613401319,-0.297959895639305,-0.293179449598732,-0.288294623706346,-0.283291228728968,-0.278178432819523,-0.272971652504431,-0.267659793539856,-0.26224795795454,-0.256751902318531,-0.251165713450304,-0.245489255502697,-0.239737681210133,-0.233911691637408,-0.228005688792318,-0.222034019126196,-0.21600228175847,-0.20990209764024,-0.203746264214012,-0.197543241129436,-0.191284251843578,-0.184980250284284,-0.17864094187734,-0.172258376165004,-0.165842097968732,-0.159401836507415,-0.152930736937432,-0.146437925490634,-0.139932002719677,-0.13340731174692,-0.126873635920417,-0.120336830040492,-0.113793594640125,-0.107254780505928,-0.100720949827842,-0.0941946035963112,-0.087684476346369,-0.0811885025791758,-0.074714957292078,-0.0682652328126629,-0.0618436312592291,-0.0554547227532092,-0.049100872758185,-0.0427870634620449,-0.0365160237232351,-0.0302920268188255,-0.0241183097194614,-0.0179985789263079,-0.0119366941315614,-0.00593588610467654,0
1.94,0.53,0.0438557838035177,3.69194489425933e-26,0.0137044704639612,0.0274064693593459,0.0411036895844494,0.0547935910619857,0.0684735041412936,0.0821419418089706,0.0957956369031728,0.109432573936782,0.123051121228526,0.136648023704465,0.150222204480438,0.163771281219999,0.177292238776308,0.190785770990723,0.204246146335814,0.217676133823022,0.231070882243301,0.24442931970335,0.25775243032162,0.271034938650165,0.284279028590436,0.297483118708415,0.310643506942404,0.323762905365396,0.336839351040715,0.349870359776821,0.362858260113576,0.375801743621172,0.388699222800864,0.401552315032416,0.414360746951715,0.427123851670188,0.43984230216636,0.452516823396113,0.465147917135948,0.477735316270352,0.490280300740071,0.502784710812782,0.515247919412751,0.527670898070456,0.540056723580311,0.552405550189353,0.564717002810137,0.576995218660273,0.58924178650439,0.601454792450312,0.613638997403146,0.625797469543673,0.637927256230635,0.650033254894933,0.662119661887464,0.674183122466737,0.686228457912054,0.698260422328425,0.710275678710599,0.722279167326694,0.734275439377773,0.746261499654683,0.758242818966954,0.770222640649165,0.782199147616229,0.794178459287854,0.806160927414258,0.818147927945477,0.83014434554324,0.842149110510973,0.854166630228603,0.866197837780147,0.87824487725969,0.890310239696648,0.902395097816208,0.914501969930262,0.926632132137326,0.938787774641146,0.95097012810817,0.963181030875837,0.975422099953194,0.987694570279682,0.999999999798723,-0.380611852133841,-0.380519565116323,-0.380245909782527,-0.379788287137944,-0.379149971574937,-0.378332892528054,-0.377328631695614,-0.376149298955577,-0.374790470349658,-0.373251642732711,-0.371539355203743,-0.369650337372094,-0.367586809199443,-0.365357594331877,-0.36294975428379,-0.360386445385977,-0.35764662496045,-0.354749169884651,-0.351694054326147,-0.34847196879059,-0.345105957178085,-0.341580514541464,-0.337902228606894,-0.334088724310501,-0.33012185385708,-0.326013930714552,-0.321779379984894,-0.317400860569818,-0.312891729505143,-0.308265781417736,-0.303506877761196,-0.298627153950994,-0.293641279542093,-0.288534801875665,-0.283317095191666,-0.278003909479373,-0.272583955137329,-0.267062453160222,-0.261455489557434,-0.255757060963098,-0.24996704533616,-0.244100902217994,-0.238159368160923,-0.232136756030382,-0.226047693479791,-0.219897901676389,-0.213678864398265,-0.2074036227709,-0.201080803896817,-0.194701490476974,-0.188276840110855,-0.181816741229265,-0.175313119553854,-0.168775693931217,-0.16221437164232,-0.155622194050732,-0.149008450643512,-0.142381897182801,-0.135736793660477,-0.129083094969188,-0.1224267634082,-0.115764455593274,-0.109107209264177,-0.10245560728292,-0.0958122009977703,-0.0891858763204462,-0.0825745473546333,-0.0759866300572859,-0.0694235544135823,-0.0628896997110963,-0.0563897232332003,-0.0499260397083623,-0.0435037240812512,-0.0371255590427128,-0.0307959073742954,-0.0245180588357408,-0.0182958018701524,-0.0121330726035223,-0.00603316326990537,0
1.94,0.54,0.0348979027999919,-3.99199355219299e-27,0.0137425253390072,0.0274824767955415,0.0412174518184244,0.0549448053482503,0.0686617575823132,0.0823667604894128,0.0960564124956128,0.109728615952131,0.123381672918099,0.137012195918097,0.150619065389292,0.164199803695656,0.17775127417547,0.191274202788772,0.204762626714213,0.218219432250625,0.231639575409206,0.245021944990497,0.258367571409399,0.271670971909333,0.284934424083866,0.298156291205125,0.311332730447757,0.324466568704485,0.337555775464403,0.350597777538271,0.363595001772752,0.376546101557499,0.389449439319028,0.402306700271747,0.415117616565165,0.427881511553922,0.440599085993715,0.453271110615164,0.465898127705865,0.478479859394617,0.491017650991713,0.503513439185869,0.515966574071968,0.528378074339087,0.540751162872259,0.553086007923682,0.565382220124088,0.577644123537178,0.589873382728875,0.602068003637682,0.614232954776723,0.626371440548289,0.638480386595921,0.650564897581837,0.662629349068057,0.674670251486777,0.686692624163914,0.698701418102641,0.710693166387308,0.722673005931072,0.734645671475241,0.7466080557992,0.758565839947614,0.770522396546551,0.782475844765073,0.79443252952779,0.806392826050615,0.818358160905679,0.830333592783579,0.842318028947389,0.854316020707123,0.866328549875527,0.878357828116741,0.890406436410789,0.902475590286707,0.914567890829205,0.926684656586914,0.938828157893073,0.950999649962413,0.963201040641963,0.975433994672183,0.987699778911031,0.99999999979521,-0.387784283001919,-0.387689974283726,-0.387410325087982,-0.386942682502905,-0.386290397662634,-0.385455449243409,-0.384429243469144,-0.383224166169234,-0.381835709059244,-0.380263372339684,-0.37851385397517,-0.376583829749439,-0.374475586811193,-0.3721981619896,-0.36973835592786,-0.367119851840568,-0.364321173624157,-0.361361631549288,-0.358241225719706,-0.354950470617642,-0.351512932765129,-0.347912802909991,-0.344156835241013,-0.340263058445571,-0.336212968432353,-0.332019164312712,-0.327696403256205,-0.323227009983122,-0.318624643891039,-0.313903412979497,-0.309046875234857,-0.304067436506148,-0.298980089953678,-0.293770119979947,-0.288447108450527,-0.283027140748862,-0.277498732858985,-0.271867225746207,-0.266149036133233,-0.260338071670083,-0.254434224877536,-0.248453262731839,-0.242395958320199,-0.23625653624472,-0.230049905435195,-0.223781909692105,-0.217443896776367,-0.211049151191048,-0.204606467559788,-0.198106789147617,-0.191561476744336,-0.184980601455458,-0.178355966486983,-0.171697464180204,-0.165015179346412,-0.158302050737617,-0.151567530532123,-0.144820529192185,-0.138055224588259,-0.131281742525179,-0.124506152561037,-0.117725068126323,-0.110949713233086,-0.104180691722905,-0.0974206054872049,-0.0906784914169333,-0.0839522438390192,-0.077250419366605,-0.0705744860530788,-0.0639289004173507,-0.0573184071194416,-0.050745470462694,-0.0442152583868267,-0.0377306076779978,-0.0312959712617067,-0.0249146916096284,-0.0185906398576903,-0.0123278290431646,-0.00612961315934202,0
1.94,0.55,0.0255007538245598,1.52613863912601e-26,0.0137811887662617,0.0275596987332202,0.0413330294762047,0.0550984282956609,0.0688530024619433,0.0825951414148518,0.0963213058123016,0.110029313849812,0.123717399739452,0.137382040412138,0.151022072685578,0.164634921448592,0.178217325681289,0.191770044535947,0.205286878455172,0.218770834213412,0.232216670729923,0.245623236876567,0.258991610954514,0.272316098433935,0.285599073229278,0.298838842652043,0.312031420438608,0.32517975140475,0.338281736731463,0.351334712962775,0.364341207873883,0.377299836842307,0.390208912059126,0.403070188324699,0.415883404628146,0.428647875578135,0.441364330346776,0.454033587693513,0.466656232828757,0.47923197679093,0.491762232744623,0.504249037653785,0.516691718333181,0.529091342231961,0.541451283314914,0.553771724645743,0.566052262178399,0.578297412600378,0.590508918826243,0.602684704392878,0.614829951338552,0.626948004300481,0.639035664041149,0.651098247904887,0.663140315486403,0.675158239180771,0.687157241126737,0.699142474090257,0.71111033850139,0.723066172179572,0.7350148975695,0.746953293458298,0.758887255109652,0.770820287248577,0.782750444517959,0.794684300859927,0.806622256172456,0.818565788419845,0.830520132540242,0.842484173745385,0.854462608007491,0.866456467806281,0.878468032515669,0.890499974321024,0.902553552218455,0.914631450547735,0.926735030635655,0.938866644137997,0.951027569579459,0.96321978553859,0.975445004292738,0.987704524056585,0.999999999804327,-0.394960356902441,-0.394864009784832,-0.394578317275323,-0.39410057226618,-0.393434203543655,-0.392581239816667,-0.391532910877279,-0.3903018813711,-0.388883558679647,-0.387277447162155,-0.385490405808197,-0.383519057099598,-0.381365756924373,-0.379039758124315,-0.376527599523614,-0.373853496601351,-0.370995537720921,-0.367973471139805,-0.364787324501915,-0.361427436259831,-0.357917900733128,-0.354242603702413,-0.35040846826643,-0.346433931009003,-0.3423001307359,-0.338019955236976,-0.333608497172041,-0.329047746653263,-0.324351668231885,-0.319534686236987,-0.314580055204108,-0.309500453630572,-0.304311200799823,-0.29899731866761,-0.293568598280089,-0.288041462368778,-0.282404233457873,-0.276662373491724,-0.270832631185053,-0.264908826415668,-0.258890867021524,-0.252794828032429,-0.246621520120836,-0.240365080507483,-0.234040699455365,-0.227654343975646,-0.22119722697358,-0.214682876005869,-0.208120253270841,-0.201500163920799,-0.194834171440947,-0.188132529266832,-0.181386919389874,-0.174607407110411,-0.167804254230389,-0.160970298059569,-0.154115152909162,-0.147247883433066,-0.140362586370987,-0.133469557828368,-0.126574974386248,-0.119675407004859,-0.112782265329511,-0.105896174475831,-0.0990197870760861,-0.0921622906489927,-0.0853215603379869,-0.0785062931721554,-0.0717179956771421,-0.0649612017029223,-0.0582407435315869,-0.0515591353683045,-0.0449216384302575,-0.0383311438851158,-0.0317921954772055,-0.0253081883518354,-0.0188830771184442,-0.0125209522440936,-0.0062252298104574,0
1.94,0.56,0.0156637106584998,-1.83107282678401e-26,0.0138204583942341,0.0276381304214621,0.0414504153150739,0.0552544500290146,0.0690472260820408,0.0828270688479591,0.0965902978017737,0.11033464495721,0.124058275067463,0.137757526227185,0.151431190683726,0.165076593646916,0.178690346854888,0.192273243757955,0.205818842540562,0.219330273710209,0.232802094729334,0.246233113924883,0.259624459122592,0.272970219508317,0.286272868006478,0.299530655321415,0.312739449066804,0.325902315150219,0.339017085739214,0.352081005860956,0.365096706893194,0.378062766420191,0.390977446279967,0.403842572640082,0.416657892727425,0.429422713484919,0.44213779314327,0.454804000827997,0.467421967182944,0.479991391804485,0.49251375826975,0.504991207796751,0.51742304345713,0.529810383098165,0.542156756891484,0.554462363542834,0.566726783913796,0.578954733232749,0.591148035373116,0.603304529176967,0.615429616247371,0.627526785555148,0.639592709746185,0.651632924389511,0.66365217801963,0.675646701730319,0.687621925297313,0.699583208180532,0.711526815387104,0.72345828993069,0.735382746160137,0.747296846896659,0.759206705598742,0.771115961915967,0.783022605213209,0.794933441905142,0.806848897838207,0.818770503126077,0.830703671097768,0.842647265998384,0.854606129063203,0.866581345442342,0.878575262288459,0.890590644216758,0.902628794347667,0.914692480688856,0.926783107647356,0.938903109371274,0.951053786357954,0.963237189131233,0.975455077243967,0.987708779637218,0.999999999812703,-0.402140516201993,-0.402042113553925,-0.401750326998982,-0.401262394948646,-0.40058182477695,-0.399710696039342,-0.398640061116794,-0.397382866413526,-0.395934434972734,-0.394294276150811,-0.392469412181601,-0.390456412787061,-0.388257704190919,-0.385882758154573,-0.383317850715056,-0.380587735137637,-0.377670062095727,-0.374585022545195,-0.371332673317941,-0.367903176831439,-0.364321160506812,-0.360570204481044,-0.356657403267132,-0.352601605588564,-0.348383592321797,-0.344016543035574,-0.33951588937757,-0.334863286412735,-0.330073006691146,-0.325159793885897,-0.320106599094255,-0.314926375710966,-0.309634771701187,-0.304216547070636,-0.298681703616969,-0.293047003395889,-0.287300576437857,-0.281448006677803,-0.275506376105082,-0.269469418048546,-0.263337056417733,-0.257125674904539,-0.250836122819426,-0.244462450886246,-0.238020130739786,-0.231515253170591,-0.224938897394956,-0.218304833680306,-0.211622191838009,-0.204881640233104,-0.198094944537812,-0.191272540158614,-0.184405989168399,-0.17750552928641,-0.170581598758197,-0.16362693460721,-0.156651312726239,-0.149663951454291,-0.14265886737103,-0.135646526294036,-0.12863321159663,-0.121615452465639,-0.114604843585932,-0.107602031628097,-0.100609720176199,-0.0936372470745969,-0.0866824688474008,-0.0797542227666002,-0.0728540542273084,-0.0659865745501674,-0.0591567039172956,-0.0523670067804612,-0.0456228379632538,-0.0389271433254597,-0.0322845581421139,-0.0256985302346683,-0.0191730984976659,-0.0127124313891878,-0.00632000744430673,0
1.94,0.57,0.00538629661411625,4.14088775003046e-26,0.0138603321007754,0.0277177675660578,0.0415696027725893,0.0554128615711522,0.06924441685243,0.083062528360387,0.0968633709112262,0.110644588277388,0.124404274116038,0.138138624390432,0.151846385816136,0.165524781690658,0.179170293584136,0.192783750384239,0.2063584624117,0.2198976872366,0.233395776444561,0.24685149720784,0.260266028565404,0.273633238858933,0.286955702774753,0.300231613784186,0.313456690683021,0.326634123707502,0.339761675335453,0.352836497846102,0.365861328948123,0.378834708703125,0.39175484852246,0.404623647753155,0.417440863332186,0.430205795688197,0.44291923275545,0.455582096448328,0.468195065456484,0.480757827564417,0.493271939395551,0.505739650529185,0.518160239817398,0.530534877180817,0.542867254267205,0.555157586279186,0.56740543854819,0.579615730904241,0.591790370854233,0.603927110188392,0.616031576240353,0.628107406500843,0.640151142190898,0.652168542741028,0.664164550620472,0.676135252302164,0.688086290082051,0.70002323511328,0.711942214186139,0.723848979823105,0.735748842516049,0.747638347154797,0.759523829358856,0.771409066546296,0.783291982082487,0.795179618248675,0.807072428158399,0.818971994818714,0.830883912013812,0.842807024206887,0.854746318360563,0.866702934366463,0.878679287151871,0.890678234954775,0.902701125671355,0.914750811318047,0.926828739657698,0.938937428476167,0.951078198804385,0.963253174316577,0.975464161510732,0.98771251935342,0.999999999807892,-0.409325224262487,-0.409224748509306,-0.408926815863932,-0.408428609965973,-0.40773371773896,-0.406844270422284,-0.405751141984328,-0.404467563610097,-0.402988774004049,-0.401314288384366,-0.399451294510144,-0.397396309904525,-0.395151832768735,-0.392727556770374,-0.390109494170411,-0.387322941686756,-0.384345110095261,-0.381196637882704,-0.377877612761818,-0.37437802111029,-0.370723028886261,-0.366895909892167,-0.362903932617695,-0.358766362269361,-0.354463620947825,-0.350009183167553,-0.345418823138017,-0.340673860425039,-0.3357888784766,-0.330778943382635,-0.32562670281055,-0.320345387336089,-0.314950976205639,-0.309427967976253,-0.303786576783569,-0.298043906005388,-0.29218789415584,-0.286224248174505,-0.280170384611125,-0.274019951479886,-0.267772889514853,-0.261445891667449,-0.255039846940686,-0.248548720448139,-0.24198826521594,-0.235364696373237,-0.228668960618808,-0.221915070568534,-0.215112323669407,-0.208251252826197,-0.201343825376433,-0.194400658323951,-0.18741319511305,-0.180391845337984,-0.173347223134066,-0.166271966379584,-0.15917601200602,-0.152068731534024,-0.144944062332329,-0.137812639367692,-0.130680852581282,-0.123545190063993,-0.116417430995455,-0.109298243868049,-0.102190383442818,-0.0951033376404325,-0.0880349448990864,-0.0809941826319881,-0.0739826354938601,-0.0670049924577604,-0.0600662619182223,-0.0531690589370966,-0.0463188323223124,-0.0395185829619311,-0.0327730384122412,-0.026085699216129,-0.0194606893968786,-0.0129022560092643,-0.00641394044400903,0
1.95,0.5,0.0800546948074132,1.25124116895954e-28,0.013592655409077,0.027183143706632,0.0407694418225966,0.0543493220736626,0.0679204425421533,0.0814814978236924,0.0950296206635221,0.108563039881267,0.122080321254025,0.135578602997311,0.149056935833832,0.162513220253089,0.175944802426461,0.189352281519712,0.202730611177882,0.216082215194134,0.229402811517266,0.242691446262845,0.255948967575241,0.269170709575795,0.282358584132452,0.295511170702471,0.308625178617961,0.32170298842589,0.334742830613942,0.347742477911182,0.360703978826123,0.373626128338625,0.386507478274287,0.399349458769273,0.412151768904138,0.424913757978324,0.43763603216469,0.450319170225668,0.462963536979049,0.475568911793421,0.488136373969899,0.50066745791674,0.513161613428535,0.525619672164593,0.538044256583375,0.550435479190824,0.562793015458994,0.57512042743749,0.587419070994967,0.599687282493891,0.611929188208609,0.624147439591832,0.636339457364537,0.648509508813318,0.660661244612835,0.672791719586001,0.684905155349387,0.697005708938909,0.709090434960731,0.721163680531566,0.733229442201177,0.745285059993841,0.757335373189727,0.769383234929614,0.781427017058451,0.793472165024033,0.805518956406004,0.817568615665044,0.829625509490678,0.841688631188675,0.853761964532892,0.865846292222578,0.877943560660559,0.890055993144314,0.902184635259924,0.914331762094897,0.926498525469655,0.938686877258011,0.950897983345484,0.963133475051294,0.975394832339486,0.987683201286101,0.999999999782032,-0.358761740571543,-0.358675678430314,-0.358420478433394,-0.35799370777169,-0.357398404830071,-0.356636347809191,-0.355699659178107,-0.354599599703521,-0.353332005665823,-0.35189636432484,-0.350298726209161,-0.348535987461344,-0.346610161685169,-0.344529416753954,-0.342281618067341,-0.339888299544034,-0.337329754155831,-0.334623523433241,-0.331769502075469,-0.328758922618237,-0.325613217449961,-0.322317819892151,-0.318878802805214,-0.315312544563117,-0.311601996091938,-0.307758586536602,-0.303795713767318,-0.299697067523812,-0.295475066571889,-0.291142533723793,-0.286684267100922,-0.282111559977272,-0.277438075478028,-0.272650173248227,-0.267756577432682,-0.262771991481562,-0.257685726605513,-0.252502623911454,-0.247237733503428,-0.241885325294584,-0.236445224692873,-0.230931924016465,-0.225346040581944,-0.219682156403985,-0.213954010072145,-0.208166932094479,-0.202312826484546,-0.196403961131993,-0.190448429185252,-0.184437745837756,-0.178382419752104,-0.172291755562223,-0.166158059160492,-0.159990492954207,-0.153798395239056,-0.147575125065718,-0.14132944928683,-0.135069626331476,-0.128790168958272,-0.122500483919067,-0.116206186379074,-0.109904062294448,-0.103604554350436,-0.0973081705016053,-0.0910172964877911,-0.0847403363756796,-0.0784752567721009,-0.0722300289445562,-0.0660059522101187,-0.0598071610429391,-0.0536380311539266,-0.047500816861696,-0.0414002971668357,-0.0353390825597393,-0.0293212442334429,-0.0233499131762378,-0.017428609802055,-0.0115610280572926,-0.00575026898219962,0
